Hz,dB(vout/vin)
100000,-16.9003944396973
100230.5234375,-16.9003868103027
100461.578125,-16.9003810882568
100693.1640625,-16.9003734588623
100925.2890625,-16.9003658294678
101157.9453125,-16.9003582000732
101391.140625,-16.9003505706787
101624.8671875,-16.9003429412842
101859.140625,-16.9003353118896
102093.9453125,-16.9003276824951
102329.296875,-16.9003200531006
102565.1953125,-16.9003124237061
102801.6328125,-16.9003067016602
103038.609375,-16.9002990722656
103276.140625,-16.9002914428711
103514.21875,-16.9002819061279
103752.84375,-16.9002742767334
103992.015625,-16.9002685546875
104231.7421875,-16.9002590179443
104472.0234375,-16.9002513885498
104712.8515625,-16.9002437591553
104954.2421875,-16.9002361297607
105196.1875,-16.9002285003662
105438.6875,-16.9002208709717
105681.75,-16.9002113342285
105925.375,-16.900203704834
106169.5546875,-16.9001960754395
106414.3046875,-16.9001884460449
106659.609375,-16.9001789093018
106905.484375,-16.9001712799072
107151.9296875,-16.9001617431641
107398.9375,-16.9001541137695
107646.5234375,-16.900146484375
107894.671875,-16.9001369476318
108143.3984375,-16.9001293182373
108392.6875,-16.9001197814941
108642.5625,-16.9001121520996
108893.0078125,-16.9001045227051
109144.03125,-16.9000949859619
109395.6328125,-16.9000854492188
109647.8203125,-16.9000778198242
109900.5859375,-16.9000701904297
110153.9296875,-16.9000606536865
110407.859375,-16.9000511169434
110662.375,-16.9000434875488
110917.484375,-16.9000339508057
111173.171875,-16.9000244140625
111429.453125,-16.900016784668
111686.328125,-16.9000072479248
111943.7890625,-16.8999977111816
112201.84375,-16.8999900817871
112460.5,-16.8999805450439
112719.7421875,-16.8999710083008
112979.59375,-16.8999614715576
113240.0390625,-16.8999519348145
113501.078125,-16.8999423980713
113762.7265625,-16.8999328613281
114024.9765625,-16.8999252319336
114287.8359375,-16.8999156951904
114551.296875,-16.8999061584473
114815.359375,-16.8998966217041
115080.0390625,-16.8998870849609
115345.328125,-16.8998775482178
115611.2265625,-16.8998680114746
115877.734375,-16.8998584747314
116144.859375,-16.8998489379883
116412.6015625,-16.8998394012451
116680.9609375,-16.8998279571533
116949.9375,-16.8998184204102
117219.5390625,-16.899808883667
117489.7578125,-16.8997993469238
117760.59375,-16.8997898101807
118032.0625,-16.8997802734375
118304.15625,-16.8997688293457
118576.875,-16.8997592926025
118850.2265625,-16.8997478485107
119124.203125,-16.8997383117676
119398.8125,-16.8997287750244
119674.0546875,-16.8997173309326
119949.9296875,-16.8997077941895
120226.4453125,-16.8996982574463
120503.59375,-16.8996868133545
120781.3828125,-16.8996753692627
121059.8125,-16.8996658325195
121338.8828125,-16.8996543884277
121618.6015625,-16.8996448516846
121898.9609375,-16.8996334075928
122179.96875,-16.8996238708496
122461.6171875,-16.8996124267578
122743.921875,-16.899600982666
123026.875,-16.8995914459229
123310.484375,-16.8995800018311
123594.7421875,-16.8995685577393
123879.65625,-16.8995571136475
124165.234375,-16.8995475769043
124451.4609375,-16.8995361328125
124738.3515625,-16.8995246887207
125025.90625,-16.8995132446289
125314.1171875,-16.8995018005371
125603,-16.8994903564453
125892.5390625,-16.8994789123535
126182.75,-16.8994674682617
126473.6328125,-16.8994560241699
126765.1875,-16.8994445800781
127057.4140625,-16.8994331359863
127350.3046875,-16.8994216918945
127643.8828125,-16.8994083404541
127938.1328125,-16.8993968963623
128233.0546875,-16.8993854522705
128528.6640625,-16.8993740081787
128824.953125,-16.8993625640869
129121.9296875,-16.8993492126465
129419.5859375,-16.8993377685547
129717.9296875,-16.8993263244629
130016.9609375,-16.8993129730225
130316.6796875,-16.8993015289307
130617.0859375,-16.8992900848389
130918.1953125,-16.8992767333984
131219.984375,-16.899263381958
131522.484375,-16.8992519378662
131825.671875,-16.8992385864258
132129.5625,-16.899227142334
132434.15625,-16.8992137908936
132739.453125,-16.8992023468018
133045.4375,-16.8991889953613
133352.140625,-16.8991756439209
133659.546875,-16.8991622924805
133967.671875,-16.89914894104
134276.5,-16.8991374969482
134586.03125,-16.8991241455078
134896.28125,-16.8991107940674
135207.25,-16.899097442627
135518.9375,-16.8990840911865
135831.34375,-16.8990726470947
136144.46875,-16.8990573883057
136458.3125,-16.8990440368652
136772.875,-16.8990306854248
137088.171875,-16.8990173339844
137404.203125,-16.8990039825439
137720.953125,-16.8989906311035
138038.421875,-16.8989772796631
138356.640625,-16.8989639282227
138675.578125,-16.8989486694336
138995.265625,-16.8989353179932
139315.6875,-16.8989219665527
139636.84375,-16.8989067077637
139958.734375,-16.8988933563232
140281.375,-16.8988800048828
140604.75,-16.8988647460938
140928.875,-16.8988513946533
141253.75,-16.8988361358643
141579.375,-16.8988208770752
141905.75,-16.8988075256348
142232.875,-16.8987922668457
142560.765625,-16.8987789154053
142889.390625,-16.8987636566162
143218.796875,-16.8987483978271
143548.9375,-16.8987331390381
143879.859375,-16.898717880249
144211.53125,-16.8987045288086
144543.984375,-16.8986892700195
144877.1875,-16.8986740112305
145211.15625,-16.8986587524414
145545.90625,-16.8986434936523
145881.421875,-16.8986282348633
146217.71875,-16.8986129760742
146554.78125,-16.8985977172852
146892.625,-16.8985824584961
147231.25,-16.8985652923584
147570.65625,-16.8985500335693
147910.84375,-16.8985347747803
148251.8125,-16.8985195159912
148593.5625,-16.8985023498535
148936.109375,-16.8984870910645
149279.4375,-16.8984718322754
149623.5625,-16.8984546661377
149968.484375,-16.8984394073486
150314.203125,-16.8984222412109
150660.703125,-16.8984069824219
151008.015625,-16.8983898162842
151356.125,-16.8983745574951
151705.03125,-16.8983573913574
152054.75,-16.8983402252197
152405.28125,-16.898323059082
152756.609375,-16.8983058929443
153108.75,-16.8982906341553
153461.703125,-16.8982715606689
153815.46875,-16.8982563018799
154170.046875,-16.8982391357422
154525.4375,-16.8982219696045
154881.65625,-16.8982048034668
155238.703125,-16.8981876373291
155596.5625,-16.8981685638428
155955.25,-16.8981513977051
156314.765625,-16.8981342315674
156675.109375,-16.8981170654297
157036.28125,-16.8980979919434
157398.28125,-16.8980808258057
157761.125,-16.898063659668
158124.796875,-16.8980464935303
158489.3125,-16.8980274200439
158854.671875,-16.8980102539063
159220.875,-16.8979911804199
159587.921875,-16.8979721069336
159955.796875,-16.8979530334473
160324.546875,-16.8979358673096
160694.125,-16.8979167938232
161064.5625,-16.8978977203369
161435.859375,-16.8978786468506
161808,-16.8978614807129
162181.015625,-16.8978424072266
162554.875,-16.8978233337402
162929.609375,-16.8978042602539
163305.1875,-16.8977851867676
163681.65625,-16.8977642059326
164058.984375,-16.8977451324463
164437.171875,-16.89772605896
164816.234375,-16.8977069854736
165196.1875,-16.8976879119873
165577,-16.8976669311523
165958.6875,-16.897647857666
166341.265625,-16.8976268768311
166724.71875,-16.8976078033447
167109.0625,-16.8975868225098
167494.28125,-16.8975677490234
167880.40625,-16.8975467681885
168267.40625,-16.8975276947021
168655.296875,-16.8975067138672
169044.09375,-16.8974857330322
169433.78125,-16.8974647521973
169824.359375,-16.8974437713623
170215.84375,-16.8974227905273
170608.234375,-16.8974018096924
171001.53125,-16.8973808288574
171395.734375,-16.8973598480225
171790.84375,-16.8973388671875
172186.859375,-16.8973178863525
172583.796875,-16.8972969055176
172981.640625,-16.897274017334
173380.40625,-16.897253036499
173780.078125,-16.8972320556641
174180.6875,-16.8972091674805
174582.21875,-16.8971881866455
174984.671875,-16.8971652984619
175388.046875,-16.897144317627
175792.359375,-16.8971214294434
176197.609375,-16.8970985412598
176603.78125,-16.8970775604248
177010.890625,-16.8970546722412
177418.953125,-16.8970317840576
177827.9375,-16.897008895874
178237.875,-16.8969860076904
178648.75,-16.8969631195068
179060.578125,-16.8969402313232
179473.359375,-16.8969173431396
179887.09375,-16.8968944549561
180301.78125,-16.8968696594238
180717.40625,-16.8968467712402
181134.015625,-16.8968238830566
181551.5625,-16.8967990875244
181970.078125,-16.8967761993408
182389.5625,-16.8967514038086
182810.015625,-16.8967266082764
183231.4375,-16.8967037200928
183653.828125,-16.8966789245605
184077.203125,-16.8966541290283
184501.546875,-16.8966293334961
184926.859375,-16.8966064453125
185353.15625,-16.8965816497803
185780.453125,-16.8965549468994
186208.71875,-16.8965301513672
186637.96875,-16.896505355835
187068.21875,-16.8964805603027
187499.453125,-16.8964557647705
187931.6875,-16.8964309692383
188364.90625,-16.8964042663574
188799.140625,-16.8963794708252
189234.359375,-16.8963527679443
189670.59375,-16.8963279724121
190107.828125,-16.8963012695313
190546.078125,-16.8962745666504
190985.328125,-16.8962497711182
191425.59375,-16.8962230682373
191866.875,-16.8961963653564
192309.171875,-16.8961696624756
192752.484375,-16.8961429595947
193196.828125,-16.8961162567139
193642.203125,-16.896089553833
194088.59375,-16.8960609436035
194536.015625,-16.8960342407227
194984.453125,-16.8960075378418
195433.953125,-16.8959808349609
195884.46875,-16.8959522247314
196336.03125,-16.895923614502
196788.625,-16.8958969116211
197242.28125,-16.8958683013916
197696.96875,-16.8958396911621
198152.703125,-16.8958110809326
198609.484375,-16.8957843780518
199067.328125,-16.8957557678223
199526.234375,-16.8957271575928
199986.1875,-16.8956985473633
200447.203125,-16.8956699371338
200909.28125,-16.8956394195557
201372.421875,-16.8956108093262
201836.640625,-16.895580291748
202301.921875,-16.8955516815186
202768.265625,-16.8955230712891
203235.703125,-16.8954925537109
203704.203125,-16.8954620361328
204173.796875,-16.8954315185547
204644.46875,-16.8954029083252
205116.21875,-16.8953723907471
205589.0625,-16.8953418731689
206062.984375,-16.8953113555908
206538.015625,-16.8952808380127
207014.140625,-16.8952503204346
207491.359375,-16.8952198028564
207969.671875,-16.8951873779297
208449.09375,-16.8951568603516
208929.609375,-16.8951244354248
209411.25,-16.8950939178467
209893.984375,-16.8950614929199
210377.84375,-16.8950290679932
210862.8125,-16.894998550415
211348.90625,-16.8949661254883
211836.109375,-16.8949337005615
212324.453125,-16.8949012756348
212813.90625,-16.894868850708
213304.484375,-16.8948364257813
213796.203125,-16.8948040008545
214289.0625,-16.8947696685791
214783.046875,-16.8947372436523
215278.171875,-16.894702911377
215774.4375,-16.8946704864502
216271.859375,-16.8946361541748
216770.40625,-16.894603729248
217270.125,-16.894567489624
217770.984375,-16.8945331573486
218272.984375,-16.8945007324219
218776.15625,-16.8944664001465
219280.5,-16.8944320678711
219785.984375,-16.8943958282471
220292.640625,-16.8943614959717
220800.46875,-16.8943271636963
221309.46875,-16.8942909240723
221819.640625,-16.8942565917969
222330.984375,-16.8942203521729
222843.515625,-16.8941841125488
223357.21875,-16.8941478729248
223872.109375,-16.8941116333008
224388.1875,-16.8940753936768
224905.453125,-16.8940391540527
225423.921875,-16.8940029144287
225943.578125,-16.8939666748047
226464.4375,-16.893928527832
226986.484375,-16.893892288208
227509.75,-16.893856048584
228034.203125,-16.8938179016113
228559.875,-16.8937797546387
229086.765625,-16.8937435150146
229614.859375,-16.893705368042
230144.1875,-16.8936672210693
230674.71875,-16.893627166748
231206.484375,-16.8935890197754
231739.46875,-16.8935508728027
232273.671875,-16.8935127258301
232809.125,-16.8934726715088
233345.8125,-16.8934345245361
233883.71875,-16.8933944702148
234422.875,-16.8933544158936
234963.28125,-16.8933162689209
235504.921875,-16.8932762145996
236047.828125,-16.8932361602783
236591.96875,-16.8931941986084
237137.375,-16.8931541442871
237684.03125,-16.8931140899658
238231.953125,-16.8930740356445
238781.125,-16.8930320739746
239331.578125,-16.8929901123047
239883.296875,-16.8929500579834
240436.28125,-16.8929080963135
240990.546875,-16.8928661346436
241546.078125,-16.8928241729736
242102.90625,-16.8927822113037
242661.015625,-16.8927402496338
243220.40625,-16.8926963806152
243781.078125,-16.8926544189453
244343.0625,-16.8926124572754
244906.328125,-16.8925685882568
245470.890625,-16.8925247192383
246036.765625,-16.8924808502197
246603.9375,-16.8924369812012
247172.421875,-16.8923931121826
247742.203125,-16.8923492431641
248313.3125,-16.8923053741455
248885.734375,-16.8922595977783
249459.46875,-16.8922157287598
250034.53125,-16.8921699523926
250610.921875,-16.892126083374
251188.640625,-16.8920803070068
251767.6875,-16.8920345306396
252348.078125,-16.8919887542725
252929.796875,-16.8919429779053
253512.859375,-16.8918972015381
254097.265625,-16.8918495178223
254683.03125,-16.8918037414551
255270.125,-16.8917560577393
255858.59375,-16.8917083740234
256448.40625,-16.8916625976563
257039.578125,-16.8916149139404
257632.109375,-16.8915672302246
258226.015625,-16.8915195465088
258821.296875,-16.891471862793
259417.9375,-16.8914222717285
260015.953125,-16.8913745880127
260615.359375,-16.8913249969482
261216.140625,-16.8912754058838
261818.296875,-16.8912258148193
262421.84375,-16.8911762237549
263026.8125,-16.8911266326904
263633.125,-16.891077041626
264240.875,-16.8910274505615
264850,-16.8909759521484
265460.5625,-16.8909244537354
266072.5,-16.8908748626709
266685.875,-16.8908233642578
267300.65625,-16.8907718658447
267916.84375,-16.8907203674316
268534.4375,-16.8906688690186
269153.46875,-16.8906154632568
269773.9375,-16.8905639648438
270395.84375,-16.890510559082
271019.15625,-16.8904590606689
271643.9375,-16.8904056549072
272270.125,-16.8903522491455
272897.78125,-16.8902988433838
273526.875,-16.8902454376221
274157.40625,-16.8901901245117
274789.40625,-16.89013671875
275422.875,-16.8900814056396
276057.78125,-16.8900279998779
276694.15625,-16.8899707794189
277332,-16.8899173736572
277971.3125,-16.8898620605469
278612.125,-16.8898048400879
279254.375,-16.8897495269775
279898.125,-16.8896923065186
280543.375,-16.8896369934082
281190.09375,-16.8895797729492
281838.28125,-16.8895225524902
282488,-16.8894634246826
283139.1875,-16.8894062042236
283791.90625,-16.8893489837646
284446.125,-16.8892917633057
285101.8125,-16.889232635498
285759.0625,-16.8891735076904
286417.8125,-16.8891143798828
287078.0625,-16.8890552520752
287739.84375,-16.8889961242676
288403.15625,-16.8889350891113
289068,-16.8888759613037
289734.34375,-16.8888149261475
290402.25,-16.8887538909912
291071.71875,-16.888692855835
291742.6875,-16.8886318206787
292415.25,-16.8885707855225
293089.3125,-16.8885097503662
293764.96875,-16.8884468078613
294442.15625,-16.8883838653564
295120.9375,-16.8883228302002
295801.25,-16.8882598876953
296483.125,-16.8881950378418
297166.59375,-16.8881320953369
297851.65625,-16.888069152832
298538.25,-16.8880043029785
299226.46875,-16.8879413604736
299916.25,-16.8878765106201
300607.625,-16.887809753418
301300.59375,-16.8877449035645
301995.1875,-16.8876800537109
302691.34375,-16.8876132965088
303389.125,-16.8875465393066
304088.5,-16.8874816894531
304789.5,-16.887414932251
305492.125,-16.8873462677002
306196.34375,-16.887279510498
306902.1875,-16.8872108459473
307609.6875,-16.8871440887451
308318.78125,-16.8870754241943
309029.53125,-16.8870067596436
309741.9375,-16.8869361877441
310455.96875,-16.8868675231934
311171.625,-16.8867988586426
311888.96875,-16.8867282867432
312607.9375,-16.8866577148438
313328.5625,-16.8865871429443
314050.875,-16.8865165710449
314774.84375,-16.8864459991455
315500.46875,-16.8863735198975
316227.78125,-16.886302947998
316956.75,-16.8862285614014
317687.40625,-16.8861560821533
318419.75,-16.8860836029053
319153.78125,-16.8860111236572
319889.5,-16.8859367370605
320626.9375,-16.8858623504639
321366.0625,-16.8857879638672
322106.875,-16.8857135772705
322849.40625,-16.8856391906738
323593.65625,-16.8855628967285
324339.625,-16.8854885101318
325087.3125,-16.8854122161865
325836.6875,-16.8853359222412
326587.84375,-16.8852596282959
327340.6875,-16.885181427002
328095.28125,-16.8851051330566
328851.625,-16.8850269317627
329609.71875,-16.8849487304688
330369.53125,-16.8848705291748
331131.125,-16.8847904205322
331894.46875,-16.8847122192383
332659.5625,-16.8846321105957
333426.40625,-16.8845520019531
334195.03125,-16.8844718933105
334965.4375,-16.884391784668
335737.625,-16.8843097686768
336511.5625,-16.8842277526855
337287.3125,-16.884147644043
338064.84375,-16.8840656280518
338844.15625,-16.8839817047119
339625.28125,-16.8838977813721
340408.1875,-16.8838157653809
341192.90625,-16.883731842041
341979.4375,-16.8836479187012
342767.78125,-16.8835639953613
343557.9375,-16.8834781646729
344349.9375,-16.8833923339844
345143.75,-16.8833065032959
345939.375,-16.8832206726074
346736.84375,-16.8831348419189
347536.15625,-16.8830471038818
348337.3125,-16.8829612731934
349140.3125,-16.8828735351563
349945.15625,-16.8827838897705
350751.875,-16.8826961517334
351560.4375,-16.8826065063477
352370.875,-16.8825187683105
353183.15625,-16.8824291229248
353997.34375,-16.8823375701904
354813.375,-16.8822479248047
355631.3125,-16.8821563720703
356451.125,-16.8820648193359
357272.84375,-16.8819732666016
358096.4375,-16.8818817138672
358921.9375,-16.8817882537842
359749.34375,-16.8816947937012
360578.65625,-16.8816013336182
361409.875,-16.8815078735352
362243,-16.8814144134521
363078.0625,-16.8813190460205
363915.03125,-16.8812236785889
364753.9375,-16.8811283111572
365594.78125,-16.881031036377
366437.5625,-16.8809356689453
367282.3125,-16.880838394165
368128.96875,-16.8807411193848
368977.59375,-16.8806419372559
369828.1875,-16.8805446624756
370680.71875,-16.8804454803467
371535.21875,-16.8803462982178
372391.71875,-16.8802452087402
373250.15625,-16.8801460266113
374110.59375,-16.8800449371338
374973,-16.8799438476563
375837.40625,-16.8798427581787
376703.8125,-16.8797397613525
377572.1875,-16.8796367645264
378442.59375,-16.8795337677002
379315,-16.879430770874
380189.40625,-16.8793277740479
381065.8125,-16.879222869873
381944.28125,-16.8791179656982
382824.75,-16.8790130615234
383707.25,-16.87890625
384591.78125,-16.8787994384766
385478.34375,-16.8786926269531
386366.96875,-16.8785858154297
387257.65625,-16.8784770965576
388150.375,-16.8783702850342
389045.15625,-16.8782596588135
389942,-16.8781509399414
390840.90625,-16.8780403137207
391741.875,-16.8779315948486
392644.9375,-16.8778209686279
393550.0625,-16.8777084350586
394457.3125,-16.8775959014893
395366.625,-16.8774833679199
396278.03125,-16.8773708343506
397191.5625,-16.8772583007813
398107.15625,-16.8771438598633
399024.90625,-16.8770294189453
399944.75,-16.8769149780273
400866.71875,-16.8767986297607
401790.8125,-16.8766822814941
402717.03125,-16.8765659332275
403645.40625,-16.8764495849609
404575.90625,-16.8763313293457
405508.53125,-16.8762130737305
406443.34375,-16.8760929107666
407380.28125,-16.8759746551514
408319.375,-16.8758544921875
409260.65625,-16.8757343292236
410204.09375,-16.8756122589111
411149.71875,-16.8754920959473
412097.53125,-16.8753681182861
413047.5,-16.8752460479736
413999.6875,-16.8751239776611
414954.03125,-16.875
415910.625,-16.8748760223389
416869.375,-16.8747501373291
417830.375,-16.8746242523193
418793.5625,-16.8744983673096
419758.96875,-16.8743724822998
420726.625,-16.8742446899414
421696.5,-16.874116897583
422668.625,-16.873987197876
423642.96875,-16.8738594055176
424619.5625,-16.8737297058105
425598.40625,-16.8735980987549
426579.53125,-16.8734664916992
427562.875,-16.8733367919922
428548.53125,-16.8732051849365
429536.4375,-16.8730716705322
430526.625,-16.8729381561279
431519.0625,-16.8728046417236
432513.84375,-16.8726692199707
433510.875,-16.8725337982178
434510.21875,-16.8723983764648
435511.875,-16.8722629547119
436515.84375,-16.8721256256104
437522.09375,-16.8719882965088
438530.6875,-16.8718490600586
439541.625,-16.8717098236084
440554.875,-16.8715705871582
441570.4375,-16.8714294433594
442588.375,-16.8712882995605
443608.65625,-16.8711471557617
444631.28125,-16.8710060119629
445656.25,-16.8708629608154
446683.59375,-16.870719909668
447713.3125,-16.8705749511719
448745.375,-16.8704299926758
449779.84375,-16.8702850341797
450816.71875,-16.870138168335
451855.9375,-16.8699913024902
452897.59375,-16.8698444366455
453941.625,-16.8696956634521
454988.0625,-16.8695468902588
456036.90625,-16.8693962097168
457088.1875,-16.8692474365234
458141.875,-16.8690967559814
459198,-16.8689441680908
460256.5625,-16.8687915802002
461317.5625,-16.8686389923096
462381.03125,-16.8684844970703
463446.90625,-16.8683300018311
464515.28125,-16.8681755065918
465586.09375,-16.8680191040039
466659.375,-16.867862701416
467735.15625,-16.8677062988281
468813.375,-16.8675479888916
469894.09375,-16.8673896789551
470977.3125,-16.8672294616699
472063.03125,-16.8670692443848
473151.25,-16.866907119751
474242,-16.8667449951172
475335.21875,-16.8665828704834
476431,-16.8664207458496
477529.28125,-16.8662567138672
478630.09375,-16.8660926818848
479733.4375,-16.8659267425537
480839.34375,-16.865758895874
481947.8125,-16.865592956543
483058.8125,-16.8654251098633
484172.375,-16.865255355835
485288.5,-16.8650875091553
486407.21875,-16.8649158477783
487528.5,-16.86474609375
488652.34375,-16.864574432373
489778.8125,-16.8644008636475
490907.875,-16.8642292022705
492039.53125,-16.8640537261963
493173.8125,-16.8638782501221
494310.6875,-16.8637027740479
495450.1875,-16.8635272979736
496592.3125,-16.8633499145508
497737.09375,-16.8631706237793
498884.5,-16.8629913330078
500034.53125,-16.8628120422363
501187.21875,-16.8626308441162
502342.59375,-16.8624496459961
503500.59375,-16.862268447876
504661.3125,-16.8620853424072
505824.65625,-16.8619003295898
506990.71875,-16.8617153167725
508159.4375,-16.8615303039551
509330.875,-16.8613433837891
510505,-16.861156463623
511681.84375,-16.8609676361084
512861.375,-16.8607788085938
514043.65625,-16.8605880737305
515228.65625,-16.8603973388672
516416.375,-16.8602046966553
517606.84375,-16.8600120544434
518800.03125,-16.8598194122314
519996,-16.8596248626709
521194.71875,-16.8594303131104
522396.1875,-16.8592338562012
523600.4375,-16.8590354919434
524807.4375,-16.8588390350342
526017.25,-16.8586387634277
527229.875,-16.8584384918213
528445.25,-16.8582382202148
529663.4375,-16.8580360412598
530884.4375,-16.8578338623047
532108.25,-16.857629776001
533334.875,-16.8574256896973
534564.375,-16.8572196960449
535796.6875,-16.8570137023926
537031.8125,-16.8568058013916
538269.8125,-16.8565979003906
539510.625,-16.856388092041
540754.3125,-16.8561782836914
542000.875,-16.8559665679932
543250.3125,-16.8557548522949
544502.625,-16.855541229248
545757.875,-16.8553276062012
547015.9375,-16.8551120758057
548276.9375,-16.8548946380615
549540.875,-16.854679107666
550807.6875,-16.8544597625732
552077.4375,-16.8542423248291
553350.125,-16.8540210723877
554625.6875,-16.8537998199463
555904.25,-16.8535785675049
557185.75,-16.8533535003662
558470.1875,-16.8531303405762
559757.625,-16.8529033660889
561048,-16.8526782989502
562341.3125,-16.8524513244629
563637.625,-16.852222442627
564937,-16.8519916534424
566239.3125,-16.8517627716064
567544.625,-16.8515300750732
568852.9375,-16.85129737854
570164.25,-16.8510646820068
571478.625,-16.850830078125
572796,-16.8505935668945
574116.4375,-16.8503570556641
575439.9375,-16.850118637085
576766.4375,-16.8498783111572
578096.0625,-16.8496379852295
579428.6875,-16.8493976593018
580764.4375,-16.8491535186768
582103.1875,-16.8489112854004
583445.125,-16.8486671447754
584790.0625,-16.8484210968018
586138.1875,-16.8481731414795
587489.375,-16.8479251861572
588843.625,-16.8476753234863
590201.0625,-16.8474254608154
591561.625,-16.8471736907959
592925.3125,-16.8469200134277
594292.1875,-16.8466663360596
595662.125,-16.8464107513428
597035.3125,-16.846155166626
598411.625,-16.8458976745605
599791.0625,-16.8456401824951
601173.75,-16.8453788757324
602559.5625,-16.8451175689697
603948.625,-16.844856262207
605340.875,-16.8445911407471
606736.3125,-16.8443279266357
608135,-16.8440608978271
609536.875,-16.8437938690186
610942,-16.84352684021
612350.375,-16.8432559967041
613762,-16.8429851531982
615176.875,-16.8427124023438
616595,-16.8424396514893
618016.375,-16.8421649932861
619441.0625,-16.8418884277344
620869.0625,-16.8416118621826
622300.3125,-16.8413333892822
623734.8125,-16.8410549163818
625172.6875,-16.8407726287842
626613.875,-16.8404903411865
628058.375,-16.8402080535889
629506.1875,-16.8399219512939
630957.375,-16.839635848999
632411.875,-16.8393478393555
633869.6875,-16.8390598297119
635330.9375,-16.8387699127197
636795.5,-16.8384780883789
638263.5,-16.8381843566895
639734.8125,-16.837890625
641209.5625,-16.8375949859619
642687.6875,-16.8372974395752
644169.25,-16.8369998931885
645654.25,-16.8367004394531
647142.625,-16.8363990783691
648634.4375,-16.8360958099365
650129.6875,-16.8357925415039
651628.375,-16.8354873657227
653130.5625,-16.8351802825928
654636.1875,-16.8348731994629
656145.25,-16.8345623016357
657657.8125,-16.8342514038086
659173.875,-16.8339385986328
660693.4375,-16.833625793457
662216.5,-16.833309173584
663743.0625,-16.8329925537109
665273.125,-16.8326759338379
666806.75,-16.8323554992676
668343.9375,-16.8320331573486
669884.625,-16.8317108154297
671428.875,-16.8313865661621
672976.6875,-16.8310623168945
674528,-16.8307342529297
676083,-16.8304061889648
677641.5,-16.8300762176514
679203.625,-16.8297443389893
680769.375,-16.8294105529785
682338.6875,-16.8290767669678
683911.625,-16.8287410736084
685488.25,-16.8284015655518
687068.4375,-16.8280620574951
688652.3125,-16.8277225494385
690239.8125,-16.8273792266846
691831,-16.8270359039307
693425.8125,-16.8266887664795
695024.3125,-16.8263416290283
696626.5,-16.8259944915771
698232.375,-16.8256435394287
699842,-16.8252906799316
701455.3125,-16.8249378204346
703072.3125,-16.8245811462402
704693.0625,-16.8242244720459
706317.5625,-16.8238658905029
707945.8125,-16.8235054016113
709577.75,-16.8231430053711
711213.5,-16.8227806091309
712853,-16.8224143981934
714496.3125,-16.8220481872559
716143.4375,-16.8216800689697
717794.3125,-16.8213081359863
719449,-16.8209362030029
721107.5,-16.8205623626709
722769.8125,-16.8201866149902
724435.9375,-16.8198089599609
726105.9375,-16.8194313049316
727779.8125,-16.8190498352051
729457.5,-16.8186683654785
731139.0625,-16.8182830810547
732824.5625,-16.8178977966309
734513.875,-16.8175106048584
736207.125,-16.8171195983887
737904.25,-16.8167285919189
739605.25,-16.8163356781006
741310.25,-16.8159408569336
743019.125,-16.815544128418
744732,-16.8151454925537
746448.75,-16.8147449493408
748169.5,-16.8143424987793
749894.1875,-16.8139381408691
751622.875,-16.8135318756104
753355.5625,-16.8131237030029
755092.25,-16.8127136230469
756832.875,-16.8123016357422
758577.5625,-16.8118877410889
760326.25,-16.8114738464355
762079,-16.811056137085
763835.8125,-16.8106365203857
765596.625,-16.8102149963379
767361.5,-16.8097915649414
769130.4375,-16.8093662261963
770903.5,-16.8089389801025
772680.5625,-16.8085098266602
774461.8125,-16.8080787658691
776247.125,-16.8076457977295
778036.5625,-16.8072109222412
779830.125,-16.8067741394043
781627.8125,-16.8063354492188
783429.625,-16.8058948516846
785235.625,-16.8054504394531
787045.8125,-16.8050060272217
788860.125,-16.804557800293
790678.625,-16.8041095733643
792501.3125,-16.8036575317383
794328.25,-16.8032035827637
796159.375,-16.8027496337891
797994.6875,-16.8022899627686
799834.25,-16.8018321990967
801678.0625,-16.8013687133789
803526.125,-16.8009052276611
805378.4375,-16.8004398345947
807235,-16.7999706268311
809095.875,-16.7995014190674
810961.0625,-16.7990283966064
812830.5,-16.7985534667969
814704.3125,-16.7980766296387
816582.375,-16.7975978851318
818464.8125,-16.7971153259277
820351.5625,-16.796630859375
822242.625,-16.7961463928223
824138.125,-16.7956581115723
826037.9375,-16.7951679229736
827942.1875,-16.7946758270264
829850.75,-16.7941799163818
831763.75,-16.7936840057373
833681.1875,-16.7931842803955
835603,-16.7926826477051
837529.3125,-16.7921772003174
839460,-16.7916717529297
841395.125,-16.7911624908447
843334.75,-16.7906513214111
845278.875,-16.7901382446289
847227.4375,-16.789623260498
849180.5,-16.7891044616699
851138.0625,-16.7885837554932
853100.125,-16.7880611419678
855066.6875,-16.7875347137451
857037.875,-16.7870082855225
859013.5,-16.7864780426025
860993.75,-16.785945892334
862978.5625,-16.7854099273682
864967.9375,-16.7848720550537
866961.875,-16.7843322753906
868960.4375,-16.7837905883789
870963.5625,-16.7832450866699
872971.375,-16.7826976776123
874983.75,-16.7821483612061
877000.8125,-16.7815952301025
879022.5,-16.7810401916504
881048.875,-16.780481338501
883079.875,-16.7799224853516
885115.625,-16.7793598175049
887156,-16.7787933349609
889201.125,-16.7782249450684
891250.9375,-16.7776546478271
893305.5,-16.7770824432373
895364.75,-16.7765064239502
897428.8125,-16.7759265899658
899497.5625,-16.7753467559814
901571.125,-16.7747631072998
903649.5,-16.7741756439209
905732.625,-16.7735862731934
907820.5,-16.7729930877686
909913.25,-16.7723999023438
912010.8125,-16.771800994873
914113.25,-16.7712020874023
916220.5,-16.7705974578857
918332.625,-16.7699928283691
920449.5625,-16.7693843841553
922571.4375,-16.7687740325928
924698.1875,-16.768159866333
926829.8125,-16.767541885376
928966.375,-16.7669219970703
931107.875,-16.7662982940674
933254.3125,-16.7656726837158
935405.6875,-16.7650451660156
937562,-16.7644138336182
939723.3125,-16.7637786865234
941889.625,-16.7631416320801
944060.875,-16.7625026702881
946237.1875,-16.7618579864502
948418.4375,-16.7612133026123
950604.8125,-16.7605648040771
952796.1875,-16.7599124908447
954992.5625,-16.759256362915
957194.0625,-16.7586002349854
959400.625,-16.7579383850098
961612.25,-16.7572746276855
963829,-16.7566070556641
966050.875,-16.7559356689453
968277.875,-16.7552623748779
970509.9375,-16.7545871734619
972747.25,-16.7539081573486
974989.625,-16.7532253265381
977237.25,-16.7525386810303
979490,-16.7518501281738
981747.9375,-16.7511577606201
984011.125,-16.7504615783691
986279.5,-16.7497634887695
988553.125,-16.7490634918213
990831.9375,-16.7483577728271
993116.0625,-16.7476501464844
995405.4375,-16.7469387054443
997700.0625,-16.746223449707
1000000,-16.7455062866211
1002305.25,-16.7447834014893
1004615.8125,-16.7440586090088
1006931.6875,-16.7433319091797
1009252.875,-16.7425994873047
1011579.4375,-16.7418651580811
1013911.375,-16.7411270141602
1016248.6875,-16.740385055542
1018591.375,-16.7396411895752
1020939.5,-16.7388916015625
1023293,-16.7381420135498
1025651.9375,-16.7373867034912
1028016.3125,-16.7366275787354
1030386.125,-16.7358646392822
1032761.375,-16.7350997924805
1035142.1875,-16.7343292236328
1037528.4375,-16.7335567474365
1039920.1875,-16.732780456543
1042317.4375,-16.7320003509521
1044720.25,-16.7312183380127
1047128.5625,-16.7304306030273
1049542.375,-16.7296409606934
1051961.875,-16.7288455963135
1054386.875,-16.728048324585
1056817.5,-16.7272453308105
1059253.75,-16.7264404296875
1061695.5,-16.7256317138672
1064143,-16.7248191833496
1066596.125,-16.7240028381348
1069054.875,-16.7231826782227
1071519.25,-16.7223587036133
1073989.375,-16.7215309143066
1076465.25,-16.7206993103027
1078946.75,-16.7198638916016
1081434,-16.7190246582031
1083926.875,-16.7181797027588
1086425.625,-16.7173347473145
1088930.125,-16.7164821624756
1091440.375,-16.7156276702881
1093956.375,-16.7147693634033
1096478.25,-16.7139072418213
1099005.875,-16.7130393981934
1101539.25,-16.7121696472168
1104078.625,-16.7112941741943
1106623.75,-16.7104167938232
1109174.875,-16.7095336914063
1111731.75,-16.708646774292
1114294.5,-16.7077560424805
1116863.25,-16.706859588623
1119437.875,-16.705961227417
1122018.5,-16.7050590515137
1124605,-16.7041511535645
1127197.5,-16.703239440918
1129795.875,-16.7023239135742
1132400.375,-16.7014045715332
1135010.875,-16.7004795074463
1137627.25,-16.6995506286621
1140249.75,-16.6986179351807
1142878.375,-16.697681427002
1145513,-16.6967391967773
1148153.625,-16.6957950592041
1150800.375,-16.694845199585
1153453.25,-16.6938915252686
1156112.25,-16.6929321289063
1158777.375,-16.6919689178467
1161448.625,-16.6910018920898
1164126,-16.6900291442871
1166809.625,-16.6890525817871
1169499.375,-16.6880722045898
1172195.375,-16.6870861053467
1174897.5,-16.6860961914063
1177606,-16.6851024627686
1180320.625,-16.684103012085
1183041.5,-16.6830997467041
1185768.75,-16.6820907592773
1188502.25,-16.6810779571533
1191242,-16.680061340332
1193988.125,-16.6790390014648
1196740.5,-16.6780109405518
1199499.25,-16.67698097229
1202264.375,-16.6759433746338
1205036,-16.6749019622803
1207813.875,-16.6738567352295
1210598.125,-16.6728057861328
1213388.875,-16.6717491149902
1216186,-16.670690536499
1218989.625,-16.6696243286133
1221799.625,-16.6685543060303
1224616.25,-16.6674785614014
1227439.25,-16.6663990020752
1230268.75,-16.6653137207031
1233104.875,-16.6642246246338
1235947.375,-16.6631298065186
1238796.625,-16.6620311737061
1241652.25,-16.660924911499
1244514.625,-16.6598148345947
1247383.5,-16.6587009429932
1250259,-16.6575794219971
1253141.125,-16.6564540863037
1256030,-16.6553230285645
1258925.375,-16.6541881561279
1261827.5,-16.6530456542969
1264736.375,-16.6519012451172
1267651.875,-16.650749206543
1270574.125,-16.6495933532715
1273503.125,-16.6484298706055
1276438.75,-16.6472625732422
1279381.25,-16.646089553833
1282330.625,-16.6449127197266
1285286.625,-16.6437282562256
1288249.5,-16.6425399780273
1291219.25,-16.6413440704346
1294195.875,-16.6401462554932
1297179.25,-16.6389389038086
1300169.625,-16.6377296447754
1303166.75,-16.6365127563477
1306170.875,-16.635290145874
1309181.875,-16.6340618133545
1312199.875,-16.6328296661377
1315224.875,-16.6315898895264
1318256.75,-16.6303462982178
1321295.625,-16.6290969848633
1324341.5,-16.6278400421143
1327394.5,-16.6265773773193
1330454.375,-16.6253108978271
1333521.375,-16.6240367889404
1336595.5,-16.6227569580078
1339676.625,-16.6214733123779
1342765,-16.6201820373535
1345860.375,-16.6188850402832
1348962.875,-16.617582321167
1352072.625,-16.6162738800049
1355189.375,-16.6149578094482
1358313.5,-16.6136379241943
1361444.625,-16.6123104095459
1364583.125,-16.6109771728516
1367728.875,-16.6096382141113
1370881.75,-16.6082935333252
1374042,-16.6069431304932
1377209.5,-16.6055850982666
1380384.25,-16.6042213439941
1383566.375,-16.6028499603271
1386755.875,-16.6014747619629
1389952.625,-16.6000919342041
1393156.75,-16.5987033843994
1396368.375,-16.5973072052002
1399587.375,-16.5959072113037
1402813.75,-16.5944976806641
1406047.5,-16.5930843353271
1409288.75,-16.5916633605957
1412537.5,-16.5902347564697
1415793.75,-16.5888023376465
1419057.5,-16.5873603820801
1422328.75,-16.5859146118164
1425607.625,-16.5844593048096
1428894,-16.5830001831055
1432187.875,-16.5815334320068
1435489.375,-16.5800590515137
1438798.625,-16.5785789489746
1442115.375,-16.577091217041
1445439.75,-16.5755977630615
1448771.875,-16.5740966796875
1452111.625,-16.5725879669189
1455459.125,-16.5710735321045
1458814.25,-16.5695514678955
1462177.125,-16.5680236816406
1465547.875,-16.5664882659912
1468926.25,-16.5649452209473
1472312.5,-16.5633964538574
1475706.5,-16.561840057373
1479108.375,-16.5602760314941
1482518.125,-16.5587043762207
1485935.625,-16.5571269989014
1489361.125,-16.5555419921875
1492794.375,-16.5539493560791
1496235.625,-16.5523490905762
1499684.875,-16.5507411956787
1503142,-16.5491275787354
1506607.125,-16.5475063323975
1510080.125,-16.5458755493164
1513561.25,-16.5442390441895
1517050.375,-16.542594909668
1520547.5,-16.540943145752
1524052.75,-16.5392837524414
1527566,-16.537618637085
1531087.5,-16.5359439849854
1534617,-16.5342617034912
1538154.625,-16.5325717926025
1541700.5,-16.5308742523193
1545254.5,-16.5291690826416
1548816.625,-16.5274562835693
1552387,-16.5257358551025
1555965.625,-16.5240077972412
1559552.5,-16.5222721099854
1563147.625,-16.5205268859863
1566751.125,-16.5187740325928
1570362.75,-16.5170135498047
1573982.875,-16.5152454376221
1577611.25,-16.5134696960449
1581248,-16.5116844177246
1584893.25,-16.5098934173584
1588546.75,-16.508092880249
1592208.75,-16.5062828063965
1595879.125,-16.5044651031494
1599558,-16.5026397705078
1603245.375,-16.5008068084717
1606941.25,-16.4989643096924
1610645.625,-16.4971141815186
1614358.5,-16.4952545166016
1618080,-16.49338722229
1621810.125,-16.491512298584
1625548.75,-16.4896278381348
1629296,-16.4877338409424
1633052,-16.4858341217041
1636816.5,-16.483922958374
1640589.75,-16.4820041656494
1644371.75,-16.4800758361816
1648162.375,-16.4781398773193
1651961.75,-16.4761962890625
1655770,-16.4742412567139
1659586.875,-16.4722785949707
1663412.625,-16.4703063964844
1667247.25,-16.4683265686035
1671090.625,-16.4663372039795
1674942.875,-16.4643383026123
1678804,-16.462329864502
1682674,-16.4603118896484
1686553,-16.4582862854004
1690440.875,-16.4562511444092
1694337.75,-16.4542064666748
1698243.625,-16.4521541595459
1702158.5,-16.4500904083252
1706082.375,-16.4480171203613
1710015.375,-16.4459362030029
1713957.25,-16.4438438415527
1717908.375,-16.441743850708
1721868.625,-16.4396324157715
1725837.875,-16.4375133514404
1729816.375,-16.4353847503662
1733804,-16.4332447052002
1737800.875,-16.4310970306396
1741806.875,-16.4289379119873
1745822.125,-16.4267692565918
1749846.75,-16.4245910644531
1753880.5,-16.4224033355713
1757923.625,-16.4202060699463
1761976,-16.4179973602295
1766037.875,-16.4157791137695
1770109,-16.4135513305664
1774189.5,-16.4113140106201
1778279.375,-16.409065246582
1782378.75,-16.4068069458008
1786487.625,-16.4045391082764
1790605.875,-16.4022617340088
1794733.625,-16.3999710083008
1798870.875,-16.3976726531982
1803017.75,-16.3953628540039
1807174.125,-16.3930416107178
1811340.125,-16.3907127380371
1815515.625,-16.388370513916
1819700.875,-16.3860187530518
1823895.75,-16.3836574554443
1828100.25,-16.3812847137451
1832314.375,-16.3789005279541
1836538.375,-16.3765048980713
1840772,-16.3741016387939
1845015.375,-16.3716850280762
1849268.625,-16.3692569732666
1853531.625,-16.3668193817139
1857804.5,-16.364372253418
1862087.125,-16.3619117736816
1866379.75,-16.3594398498535
1870682.125,-16.3569583892822
1874994.5,-16.3544654846191
1879316.875,-16.3519611358643
1883649.125,-16.3494453430176
1887991.375,-16.3469181060791
1892343.625,-16.3443794250488
1896705.875,-16.3418292999268
1901078.25,-16.3392696380615
1905460.75,-16.3366966247559
1909853.25,-16.3341121673584
1914255.875,-16.3315162658691
1918668.75,-16.3289089202881
1923091.75,-16.3262882232666
1927524.875,-16.323657989502
1931968.375,-16.3210163116455
1936422,-16.3183612823486
1940885.875,-16.3156929016113
1945360.125,-16.3130149841309
1949844.625,-16.31032371521
1954339.5,-16.3076229095459
1958844.625,-16.3049087524414
1963360.25,-16.3021812438965
1967886.25,-16.2994422912598
1972422.75,-16.2966899871826
1976969.625,-16.2939262390137
1981527,-16.2911510467529
1986094.875,-16.2883625030518
1990673.375,-16.2855625152588
1995262.375,-16.2827491760254
1999861.875,-16.2799224853516
2004472,-16.2770843505859
2009092.875,-16.2742328643799
2013724.25,-16.2713680267334
2018366.375,-16.2684917449951
2023019.125,-16.2656021118164
2027682.75,-16.2627010345459
2032357,-16.2597846984863
2037042.125,-16.256856918335
2041738,-16.2539157867432
2046444.625,-16.2509613037109
2051162.125,-16.2479934692383
2055890.625,-16.2450122833252
2060629.875,-16.2420177459717
2065380.125,-16.2390117645264
2070141.375,-16.235990524292
2074913.5,-16.2329559326172
2079696.625,-16.229907989502
2084490.875,-16.2268466949463
2089296.125,-16.2237720489502
2094112.5,-16.2206840515137
2098940,-16.2175827026367
2103778.5,-16.2144660949707
2108628.25,-16.2113361358643
2113489,-16.2081928253174
2118361.25,-16.2050361633301
2123244.5,-16.2018642425537
2128139,-16.1986789703369
2133045,-16.1954803466797
2137962,-16.1922645568848
2142890.5,-16.189037322998
2147830.5,-16.1857948303223
2152781.75,-16.1825389862061
2157744.5,-16.1792678833008
2162718.5,-16.1759834289551
2167704,-16.1726837158203
2172701.25,-16.1693687438965
2177709.75,-16.1660404205322
2182730,-16.1626968383789
2187761.5,-16.1593379974365
2192805,-16.1559658050537
2197859.75,-16.1525783538818
2202926.5,-16.1491737365723
2208004.75,-16.1457576751709
2213094.75,-16.1423244476318
2218196.5,-16.1388759613037
2223310,-16.1354141235352
2228435.25,-16.1319351196289
2233572.25,-16.1284427642822
2238721.25,-16.1249332427979
2243882,-16.121410369873
2249054.5,-16.1178703308105
2254239.25,-16.114315032959
2259435.75,-16.1107444763184
2264644.25,-16.1071586608887
2269864.75,-16.1035575866699
2275097.5,-16.0999412536621
2280342,-16.0963077545166
2285598.75,-16.092658996582
2290867.75,-16.0889930725098
2296148.75,-16.0853118896484
2301441.75,-16.081615447998
2306747.25,-16.07790184021
2312064.75,-16.0741729736328
2317394.75,-16.0704288482666
2322736.75,-16.0666675567627
2328091.25,-16.0628890991211
2333458,-16.0590953826904
2338837.25,-16.0552845001221
2344228.75,-16.0514583587646
2349632.75,-16.0476150512695
2355049.25,-16.0437526702881
2360478.25,-16.0398769378662
2365919.75,-16.0359840393066
2371373.75,-16.0320720672607
2376840.25,-16.0281448364258
2382319.5,-16.0242004394531
2387811.25,-16.0202388763428
2393315.75,-16.0162620544434
2398833,-16.0122661590576
2404362.75,-16.0082530975342
2409905.5,-16.004222869873
2415460.75,-16.0001773834229
2421029,-15.9961128234863
2426610,-15.9920310974121
2432204,-15.9879312515259
2437810.75,-15.983814239502
2443430.5,-15.9796800613403
2449063.25,-15.9755277633667
2454709,-15.9713582992554
2460367.5,-15.967170715332
2466039.25,-15.9629650115967
2471724.25,-15.9587421417236
2477422,-15.9545001983643
2483133,-15.9502410888672
2488857.25,-15.9459638595581
2494594.75,-15.941668510437
2500345.25,-15.9373550415039
2506109.25,-15.9330234527588
2511886.5,-15.9286727905273
2517677,-15.9243030548096
2523480.75,-15.9199171066284
2529298,-15.9155111312866
2535128.75,-15.9110870361328
2540972.75,-15.9066438674927
2546830.25,-15.9021825790405
2552701.25,-15.8977022171021
2558586,-15.8932037353516
2564484,-15.8886852264404
2570395.75,-15.8841485977173
2576321.25,-15.8795928955078
2582260.25,-15.875018119812
2588213,-15.8704242706299
2594179.25,-15.8658103942871
2600159.5,-15.8611783981323
2606153.5,-15.8565273284912
2612161.25,-15.8518562316895
2618183,-15.8471660614014
2624218.5,-15.8424558639526
2630268,-15.8377265930176
2636331.5,-15.8329782485962
2642408.75,-15.8282098770142
2648500.25,-15.8234205245972
2654605.5,-15.8186130523682
2660725,-15.8137855529785
2666858.75,-15.8089380264282
2673006.5,-15.8040704727173
2679168.25,-15.7991828918457
2685344.5,-15.7942762374878
2691534.75,-15.7893476486206
2697739.5,-15.7843999862671
2703958.25,-15.7794322967529
2710191.75,-15.7744445800781
2716439.25,-15.7694358825684
2722701.25,-15.7644081115723
2728977.75,-15.7593584060669
2735268.75,-15.7542886734009
2741574.25,-15.7491989135742
2747894.25,-15.7440881729126
2754228.75,-15.7389574050903
2760577.75,-15.7338056564331
2766941.75,-15.7286329269409
2773320,-15.7234392166138
2779713.25,-15.718225479126
2786121.25,-15.7129907608032
2792543.75,-15.7077341079712
2798981.25,-15.7024574279785
2805433.75,-15.6971588134766
2811900.75,-15.691840171814
2818383,-15.6865005493164
2824880,-15.6811389923096
2831392,-15.6757564544678
2837919,-15.670352935791
2844461,-15.664927482605
2851018.25,-15.6594820022583
2857590.5,-15.6540145874023
2864178,-15.6485242843628
2870780.5,-15.6430139541626
2877398.5,-15.6374826431274
2884031.5,-15.6319284439087
2890680,-15.626353263855
2897343.5,-15.6207571029663
2904022.75,-15.615138053894
2910717,-15.6094980239868
2917427,-15.6038360595703
2924152.5,-15.5981521606445
2930893.25,-15.5924472808838
2937649.75,-15.5867204666138
2944421.75,-15.5809707641602
2951209.25,-15.5751991271973
2958012.5,-15.5694065093994
2964831.5,-15.563591003418
2971666,-15.5577545166016
2978516.5,-15.5518951416016
2985382.5,-15.5460138320923
2992264.75,-15.5401105880737
2999162.5,-15.5341854095459
3006076.25,-15.5282373428345
3013006,-15.5222682952881
3019951.75,-15.5162763595581
3026913.5,-15.5102624893188
3033891.25,-15.504225730896
3040885,-15.4981670379639
3047895,-15.4920864105225
3054921,-15.4859828948975
3061963.5,-15.4798574447632
3069022,-15.4737100601196
3076096.75,-15.4675397872925
3083188,-15.4613475799561
3090295.5,-15.455132484436
3097419.25,-15.4488954544067
3104559.5,-15.4426355361938
3111716.25,-15.4363536834717
3118889.5,-15.4300489425659
3126079.25,-15.4237222671509
3133285.75,-15.4173727035522
3140508.75,-15.4110012054443
3147748.25,-15.4046068191528
3155004.5,-15.3981904983521
3162277.75,-15.391752243042
3169567.5,-15.385290145874
3176874,-15.3788061141968
3184197.5,-15.3723011016846
3191537.75,-15.3657722473145
3198895,-15.3592214584351
3206269.25,-15.3526477813721
3213660.5,-15.3460531234741
3221068.75,-15.3394346237183
3228494,-15.3327941894531
3235936.5,-15.3261318206787
3243396.25,-15.319447517395
3250873,-15.3127403259277
3258367,-15.3060111999512
3265878.25,-15.299259185791
3273407,-15.2924861907959
3280953,-15.2856912612915
3288516.25,-15.2788734436035
3296097,-15.2720336914063
3303695.5,-15.2651720046997
3311311.25,-15.2582883834839
3318944.5,-15.2513828277588
3326595.5,-15.2444553375244
3334264.25,-15.2375059127808
3341950.5,-15.2305345535278
3349654.5,-15.2235422134399
3357376.25,-15.2165279388428
3365115.75,-15.2094917297363
3372873,-15.2024345397949
3380648.25,-15.1953554153442
3388441.5,-15.1882553100586
3396252.75,-15.1811332702637
3404082,-15.1739902496338
3411929,-15.1668262481689
3419794.5,-15.1596412658691
3427677.75,-15.1524343490601
3435579.5,-15.1452074050903
3443499.25,-15.1379594802856
3451437.5,-15.130690574646
3459393.75,-15.1234016418457
3467368.5,-15.1160917282104
3475361.5,-15.1087617874146
3483373.25,-15.1014108657837
3491403.25,-15.0940399169922
3499451.75,-15.08664894104
3507518.75,-15.0792379379272
3515604.5,-15.0718069076538
3523708.75,-15.0643558502197
3531831.75,-15.0568857192993
3539973.5,-15.0493965148926
3548134,-15.0418872833252
3556313.25,-15.0343589782715
3564511.25,-15.0268115997314
3572728.5,-15.0192451477051
3580964.25,-15.0116596221924
3589219.25,-15.0040559768677
3597493.25,-14.9964332580566
3605786.5,-14.9887933731079
3614098.75,-14.9811344146729
3622430,-14.9734573364258
3630780.5,-14.9657640457153
3639150.25,-14.9580516815186
3647539.5,-14.9503231048584
3655948,-14.9425764083862
3664375.75,-14.9348125457764
3672823,-14.9270324707031
3681289.75,-14.9192352294922
3689776,-14.9114217758179
3698281.75,-14.9035930633545
3706807.25,-14.8957471847534
3715352.25,-14.8878860473633
3723917,-14.8800096511841
3732501.5,-14.8721179962158
3741106,-14.8642110824585
3749730,-14.8562889099121
3758374,-14.8483533859253
3767038,-14.8404026031494
3775722,-14.8324384689331
3784425.75,-14.8244609832764
3793149.75,-14.8164701461792
3801894,-14.8084659576416
3810658.25,-14.8004493713379
3819442.75,-14.7924194335938
3828247.5,-14.7843770980835
3837072.5,-14.7763242721558
3845917.75,-14.7682580947876
3854783.5,-14.7601823806763
3863669.75,-14.7520952224731
3872576.5,-14.7439975738525
3881503.75,-14.7358894348145
3890451.5,-14.7277717590332
3899419.75,-14.7196445465088
3908409,-14.7115077972412
3917418.75,-14.7033624649048
3926449.25,-14.6952095031738
3935500.75,-14.6870470046997
3944573,-14.6788778305054
3953666.25,-14.6707019805908
3962780.25,-14.6625194549561
3971915.5,-14.6543302536011
3981071.75,-14.6461353302002
3990249,-14.6379346847534
3999447.5,-14.6297292709351
4008667.25,-14.6215190887451
4017908,-14.6133060455322
4027170.25,-14.6050882339478
4036454,-14.5968675613403
4045759,-14.5886449813843
4055085.25,-14.5804204940796
4064433.25,-14.572193145752
4073802.75,-14.5639657974243
4083193.75,-14.5557374954224
4092606.5,-14.5475091934204
4102041,-14.5392818450928
4111497.25,-14.5310554504395
4120975.25,-14.5228309631348
4130475,-14.5146083831787
4139996.75,-14.5063886642456
4149540.5,-14.4981737136841
4159106,-14.4899616241455
4168693.75,-14.4817543029785
4178303.75,-14.4735527038574
4187935.75,-14.4653577804565
4197590,-14.4571695327759
4207266.5,-14.4489879608154
4216965,-14.4408140182495
4226686,-14.4326496124268
4236429.5,-14.4244947433472
4246195.5,-14.4163494110107
4255984,-14.4082155227661
4265795,-14.4000930786133
4275629,-14.3919820785522
4285485,-14.383885383606
4295364.5,-14.3758020401001
4305266,-14.3677339553833
4315191,-14.3596801757813
4325138.5,-14.3516435623169
4335109,-14.3436241149902
4345102,-14.3356227874756
4355118.5,-14.3276395797729
4365158.5,-14.3196754455566
4375221,-14.3117332458496
4385307,-14.3038110733032
4395416,-14.2959127426147
4405548.5,-14.2880353927612
4415704.5,-14.2801837921143
4425883.5,-14.2723569869995
4436086.5,-14.2645559310913
4446312.5,-14.2567825317383
4456562.5,-14.2490367889404
4466836,-14.2413187026978
4477133,-14.2336320877075
4487454,-14.2259750366211
4497798.5,-14.2183513641357
4508167,-14.2107601165771
4518559.5,-14.2032032012939
4528976,-14.1956806182861
4539416,-14.1881952285767
4549880.5,-14.1807470321655
4560369,-14.1733369827271
4570882,-14.1659660339355
4581419,-14.1586360931396
4591980,-14.1513481140137
4602565.5,-14.1441030502319
4613175.5,-14.1369028091431
4623810,-14.1297473907471
4634469,-14.1226387023926
4645153,-14.1155786514282
4655861,-14.108567237854
4666594,-14.1016054153442
4677351.5,-14.0946960449219
4688134,-14.0878391265869
4698941,-14.081036567688
4709773.5,-14.0742893218994
4720630.5,-14.0675983428955
4731512.5,-14.0609664916992
4742420,-14.0543937683105
4753352.5,-14.0478820800781
4764310,-14.0414333343506
4775292.5,-14.0350465774536
4786301,-14.0287256240845
4797334.5,-14.0224723815918
4808393.5,-14.016284942627
4819478,-14.0101680755615
4830588,-14.0041217803955
4841723.5,-13.9981479644775
4852885,-13.9922475814819
4864072,-13.9864225387573
4875285,-13.9806747436523
4886523.5,-13.975004196167
4897788,-13.9694147109985
4909079,-13.9639053344727
4920395.5,-13.9584798812866
4931738,-13.9531393051147
4943107,-13.947883605957
4954502,-13.9427156448364
4965923,-13.9376373291016
4977371,-13.9326496124268
4988845,-13.927755355835
5000345.5,-13.9229545593262
5011872.5,-13.918249130249
5023426,-13.9136409759521
5035006,-13.9091320037842
5046613,-13.9047250747681
5058246.5,-13.9004192352295
5069907,-13.8962173461914
5081594.5,-13.8921222686768
5093308.5,-13.8881340026855
5105050,-13.8842544555664
5116818.5,-13.8804864883423
5128614,-13.8768310546875
5140436.5,-13.8732900619507
5152286.5,-13.8698644638062
5164163.5,-13.8665571212769
5176068.5,-13.8633689880371
5188000.5,-13.8603029251099
5199960,-13.8573589324951
5211947,-13.8545398712158
5223962,-13.8518466949463
5236004.5,-13.8492822647095
5248074.5,-13.8468475341797
5260172.5,-13.8445453643799
5272298.5,-13.8423757553101
5284452.5,-13.8403415679932
5296634.5,-13.8384447097778
5308844.5,-13.8366861343384
5321082.5,-13.8350677490234
5333349,-13.8335914611816
5345643.5,-13.8322601318359
5357966.5,-13.831072807312
5370318,-13.8300333023071
5382698,-13.8291435241699
5395106,-13.8284034729004
5407543,-13.8278160095215
5420009,-13.8273830413818
5432503.5,-13.8271055221558
5445026.5,-13.8269863128662
5457578.5,-13.8270244598389
5470159.5,-13.8272247314453
5482769.5,-13.8275871276855
5495408.5,-13.8281135559082
5508077,-13.8288049697876
5520774.5,-13.8296642303467
5533501,-13.8306922912598
5546257,-13.8318901062012
5559042.5,-13.8332595825195
5571857.5,-13.8348026275635
5584702,-13.8365211486816
5597576,-13.8384160995483
5610480,-13.8404884338379
5623413.5,-13.8427400588989
5636376.5,-13.8451719284058
5649369.5,-13.8477869033813
5662393,-13.8505840301514
5675446,-13.8535671234131
5688529.5,-13.8567361831665
5701642.5,-13.8600921630859
5714786.5,-13.86363697052
5727960.5,-13.8673715591431
5741164.5,-13.8712978363037
5754399.5,-13.875415802002
5767664.5,-13.8797273635864
5780960.5,-13.8842334747314
5794287,-13.8889350891113
5807644,-13.8938331604004
5821032,-13.8989295959473
5834451,-13.904224395752
5847901,-13.9097194671631
5861381.5,-13.9154138565063
5874893.5,-13.9213094711304
5888436.5,-13.9274082183838
5902011,-13.9337100982666
5915616.5,-13.9402141571045
5929253,-13.9469242095947
5942921.5,-13.9538383483887
5956621.5,-13.9609594345093
5970353,-13.9682855606079
5984116,-13.9758186340332
5997911,-13.9835596084595
6011737.5,-13.9915075302124
6025596,-13.9996643066406
6039486.5,-14.0080289840698
6053408.5,-14.0166025161743
6067363.5,-14.0253858566284
6081350,-14.0343780517578
6095369,-14.0435800552368
6109420,-14.0529909133911
6123504,-14.0626106262207
6137620,-14.0724411010742
6151768.5,-14.082480430603
6165950,-14.0927295684814
6180164,-14.1031875610352
6194411,-14.1138553619385
6208690.5,-14.1247310638428
6223003,-14.1358156204224
6237348.5,-14.1471080780029
6251727,-14.1586093902588
6266138.5,-14.170316696167
6280583.5,-14.1822309494019
6295062,-14.1943511962891
6309573.5,-14.2066774368286
6324118.5,-14.2192087173462
6338697,-14.2319431304932
6353309.5,-14.2448816299438
6367955,-14.2580213546753
6382635,-14.2713632583618
6397348.5,-14.2849054336548
6412096,-14.2986478805542
6426877,-14.3125877380371
6441692.5,-14.3267250061035
6456542.5,-14.3410587310791
6471426,-14.3555870056152
6486344.5,-14.3703088760376
6501297,-14.3852224349976
6516284,-14.4003267288208
6531305.5,-14.415620803833
6546361.5,-14.4311017990112
6561452.5,-14.4467687606812
6576578.5,-14.4626197814941
6591739,-14.4786548614502
6606934.5,-14.4948692321777
6622165,-14.5112638473511
6637430.5,-14.5278348922729
6652731.5,-14.5445823669434
6668067.5,-14.561502456665
6683439,-14.5785932540894
6698846,-14.595853805542
6714288.5,-14.61328125
6729766.5,-14.6308736801147
6745280.5,-14.6486291885376
6760830,-14.6665449142456
6776415,-14.6846179962158
6792036.5,-14.7028465270996
6807693.5,-14.7212285995483
6823387,-14.7397603988647
6839116.5,-14.7584419250488
6854882.5,-14.7772674560547
6870684.5,-14.796236038208
6886523,-14.8153448104858
6902398,-14.8345909118652
6918309.5,-14.8539714813232
6934258,-14.8734827041626
6950243,-14.8931245803833
6966265,-14.9128904342651
6982324,-14.9327793121338
6998420,-14.9527893066406
7014553,-14.9729146957397
7030723,-14.9931535720825
7046930.5,-15.013503074646
7063175.5,-15.0339593887329
7079458,-15.0545196533203
7095777.5,-15.0751800537109
7112135,-15.0959386825562
7128530.5,-15.1167898178101
7144963.5,-15.137731552124
7161434,-15.1587600708008
7177943,-15.1798725128174
7194490,-15.2010641098022
7211075,-15.2223320007324
7227698,-15.2436723709106
7244359.5,-15.2650804519653
7261059.5,-15.2865543365479
7277798,-15.3080902099609
7294575,-15.3296823501587
7311391,-15.3513288497925
7328245.5,-15.3730249404907
7345138.5,-15.3947658538818
7362071,-15.4165487289429
7379042.5,-15.4383697509766
7396053,-15.4602241516113
7413102.5,-15.4821090698242
7430191.5,-15.5040187835693
7447319.5,-15.5259494781494
7464487.5,-15.5478973388672
7481695,-15.5698585510254
7498942,-15.5918283462524
7516229,-15.6138019561768
7533555.5,-15.6357755661011
7550922.5,-15.6577444076538
7568329,-15.6797046661377
7585776,-15.7016515731812
7603263,-15.7235803604126
7620790,-15.7454872131348
7638358,-15.7673664093018
7655966,-15.7892141342163
7673615,-15.8110256195068
7691304.5,-15.8327960968018
7709034.5,-15.8545207977295
7726806,-15.8761949539185
7744618,-15.8978137969971
7762471,-15.9193716049194
7780365.5,-15.9408655166626
7798301,-15.9622888565063
7816278,-15.9836368560791
7834296.5,-16.0049057006836
7852356.5,-16.0260887145996
7870458,-16.0471820831299
7888601,-16.0681800842285
7906786.5,-16.0890769958496
7925013.5,-16.1098670959473
7943282.5,-16.1305484771729
7961593.5,-16.1511135101318
7979947,-16.1715545654297
7998342.5,-16.1918697357178
8016780.5,-16.2120532989502
8035261,-16.2320976257324
8053784.5,-16.2519989013672
8072350.5,-16.2717514038086
8090959,-16.2913475036621
8109610.5,-16.3107852935791
8128305,-16.3300552368164
8147043,-16.3491535186768
8165823.5,-16.3680744171143
8184648,-16.386812210083
8203515.5,-16.4053592681885
8222426.5,-16.4237117767334
8241381,-16.4418621063232
8260379.5,-16.4598064422607
8279421.5,-16.4775352478027
8298507.5,-16.495044708252
8317637.5,-16.5123291015625
8336812,-16.5293788909912
8356030,-16.5461921691895
8375293,-16.5627593994141
8394600,-16.5790748596191
8413951,-16.5951328277588
8433348,-16.6109275817871
8452788,-16.6264495849609
8472274,-16.641695022583
8491805,-16.6566562652588
8511380,-16.6713256835938
8531001,-16.685697555542
8550667,-16.699764251709
8570378,-16.7135219573975
8590135,-16.7269592285156
8609938,-16.7400722503662
8629785,-16.7528533935547
8649679,-16.7652931213379
8669619,-16.7773895263672
8689604,-16.7891311645508
8709636,-16.8005123138428
8729714,-16.8115272521973
8749838,-16.8221664428711
8770008,-16.8324241638184
8790225,-16.8422927856445
8810489,-16.8517665863037
8830799,-16.8608360290527
8851156,-16.8694953918457
8871560,-16.8777370452881
8892011,-16.8855533599854
8912509,-16.8929405212402
8933055,-16.8998870849609
8953648,-16.9063873291016
8974288,-16.9124355316162
8994976,-16.918025970459
9015711,-16.9231491088867
9036495,-16.9277992248535
9057326,-16.9319705963135
9078205,-16.9356575012207
9099133,-16.9388523101807
9120108,-16.9415473937988
9141132,-16.9437408447266
9162205,-16.9454250335693
9183326,-16.9465961456299
9204496,-16.9472465515137
9225714,-16.9473743438721
9246982,-16.9469718933105
9268298,-16.9460391998291
9289664,-16.9445705413818
9311079,-16.9425621032715
9332543,-16.940013885498
9354057,-16.9369239807129
9375620,-16.9332904815674
9397233,-16.9291133880615
9418896,-16.9243907928467
9440609,-16.9191265106201
9462372,-16.9133205413818
9484185,-16.9069786071777
9506048,-16.9001045227051
9527962,-16.8927021026611
9549926,-16.8847789764404
9571941,-16.8763427734375
9594006,-16.8674049377441
9616123,-16.8579769134521
9638290,-16.848072052002
9660509,-16.8377017974854
9682779,-16.8268890380859
9705100,-16.8156509399414
9727472,-16.8040084838867
9749896,-16.7919902801514
9772372,-16.7796211242676
9794900,-16.7669334411621
9817479,-16.7539615631104
9840111,-16.740743637085
9862795,-16.7273197174072
9885531,-16.713737487793
9908319,-16.7000465393066
9931160,-16.6863040924072
9954054,-16.6725692749023
9977001,-16.6589069366455
10000000,-16.6453876495361
10023052,-16.6320915222168
10046158,-16.6191005706787
10069317,-16.6065063476563
10092529,-16.5944061279297
10115795,-16.5829029083252
10139114,-16.5721111297607
10162487,-16.5621509552002
10185914,-16.5531520843506
10209395,-16.5452499389648
10232930,-16.5385932922363
10256519,-16.5333347320557
10280163,-16.5296382904053
10303861,-16.5276775360107
10327614,-16.5276355743408
10351422,-16.5297012329102
10375284,-16.5340709686279
10399202,-16.5409564971924
10423174,-16.5505676269531
10447202,-16.5631256103516
10471285,-16.5788593292236
10495424,-16.5979957580566
10519619,-16.6207752227783
10543869,-16.6474304199219
10568175,-16.6781997680664
10592537,-16.7133197784424
10616956,-16.753023147583
10641430,-16.7975425720215
10665961,-16.8470935821533
10690549,-16.901891708374
10715193,-16.9621353149414
10739894,-17.0280132293701
10764652,-17.0996990203857
10789467,-17.177339553833
10814340,-17.2610740661621
10839269,-17.3510131835938
10864256,-17.4472465515137
10889301,-17.5498371124268
10914403,-17.6588268280029
10939564,-17.7742328643799
10964782,-17.8960380554199
10990058,-18.0242137908936
11015393,-18.1586933135986
11040786,-18.2993927001953
11066238,-18.4462051391602
11091748,-18.5990009307861
11117317,-18.7576293945313
11142945,-18.9219245910645
11168632,-19.091703414917
11194379,-19.2667713165283
11220185,-19.4469203948975
11246050,-19.6319332122803
11271975,-19.8215847015381
11297959,-20.0156478881836
11324004,-20.2138938903809
11350108,-20.4160861968994
11376273,-20.6219940185547
11402498,-20.8313903808594
11428783,-21.0440464019775
11455129,-21.259744644165
11481536,-21.4782657623291
11508004,-21.6994018554688
11534533,-21.9229545593262
11561122,-22.1487312316895
11587774,-22.3765411376953
11614486,-22.6062164306641
11641260,-22.8375854492188
11668096,-23.0704898834229
11694994,-23.304780960083
11721954,-23.540319442749
11748976,-23.7769718170166
11776060,-24.0146198272705
11803206,-24.2531433105469
11830416,-24.4924373626709
11857687,-24.7324047088623
11885022,-24.9729518890381
11912420,-25.2139949798584
11939881,-25.4554557800293
11967405,-25.6972637176514
11994993,-25.9393539428711
12022644,-26.1816673278809
12050359,-26.4241466522217
12078138,-26.6667461395264
12105981,-26.9094219207764
12133889,-27.1521320343018
12161860,-27.3948421478271
12189896,-27.6375179290771
12217997,-27.8801364898682
12246162,-28.1226692199707
12274392,-28.3650970458984
12302688,-28.607400894165
12331048,-28.8495655059814
12359474,-29.0915756225586
12387966,-29.333423614502
12416523,-29.5750999450684
12445146,-29.8165969848633
12473835,-30.0579128265381
12502590,-30.2990436553955
12531412,-30.5399875640869
12560300,-30.7807445526123
12589254,-31.0213184356689
12618275,-31.2617092132568
12647363,-31.5019264221191
12676519,-31.7419700622559
12705741,-31.9818496704102
12735031,-32.2215728759766
12764388,-32.4611473083496
12793813,-32.7005844116211
12823306,-32.9398880004883
12852867,-33.1790733337402
12882496,-33.4181518554688
12912193,-33.6571350097656
12941958,-33.8960342407227
12971793,-34.1348648071289
13001696,-34.3736381530762
13031668,-34.6123695373535
13061709,-34.85107421875
13091819,-35.0897636413574
13121999,-35.3284530639648
13152248,-35.5671653747559
13182567,-35.805908203125
13212956,-36.0447044372559
13243415,-36.2835655212402
13273945,-36.5225105285645
13304544,-36.7615547180176
13335214,-37.0007209777832
13365955,-37.2400245666504
13396767,-37.4794807434082
13427650,-37.719108581543
13458604,-37.9589309692383
13489629,-38.1989593505859
13520726,-38.4392204284668
13551894,-38.6797332763672
13583134,-38.9205131530762
13614447,-39.1615791320801
13645831,-39.4029541015625
13677288,-39.644660949707
13708818,-39.8867149353027
13740420,-40.1291427612305
13772095,-40.3719596862793
13803843,-40.6151962280273
13835664,-40.8588600158691
13867558,-41.1029853820801
13899526,-41.3475914001465
13931568,-41.5926971435547
13963684,-41.8383331298828
13995873,-42.0845146179199
14028137,-42.3312683105469
14060475,-42.5786209106445
14092888,-42.8265953063965
14125375,-43.0752105712891
14157938,-43.3245010375977
14190575,-43.5744895935059
14223288,-43.8251991271973
14256076,-44.0766563415527
14288940,-44.3288917541504
14321879,-44.5819282531738
14354894,-44.8357963562012
14387986,-45.0905265808105
14421154,-45.3461456298828
14454398,-45.6026840209961
14487719,-45.8601684570313
14521116,-46.1186332702637
14554591,-46.3781089782715
14588143,-46.6386260986328
14621772,-46.900218963623
14655478,-47.1629219055176
14689263,-47.4267654418945
14723125,-47.6917877197266
14757065,-47.9580230712891
14791084,-48.2255096435547
14825181,-48.4942855834961
14859356,-48.7643852233887
14893611,-49.0358467102051
14927944,-49.3087196350098
14962357,-49.5830383300781
14996848,-49.8588447570801
15031420,-50.1361846923828
15066071,-50.4151039123535
15100802,-50.6956481933594
15135612,-50.9778633117676
15170504,-51.2617988586426
15205475,-51.5475082397461
15240528,-51.8350372314453
15275661,-52.1244430541992
15310875,-52.4157829284668
15346170,-52.7091064453125
15381546,-53.0044784545898
15417005,-53.3019561767578
15452544,-53.6016044616699
15488166,-53.9034843444824
15523870,-54.2076683044434
15559656,-54.5142211914063
15595525,-54.8232154846191
15631476,-55.1347274780273
15667511,-55.4488296508789
15703628,-55.7656059265137
15739829,-56.0851364135742
15776113,-56.4075088500977
15812480,-56.7328109741211
15848932,-57.0611381530762
15885467,-57.3925857543945
15922087,-57.7272529602051
15958791,-58.0652465820313
15995580,-58.4066772460938
16032454,-58.751651763916
16069413,-59.1002998352051
16106456,-59.4527397155762
16143586,-59.8091049194336
16180800,-60.1695251464844
16218101,-60.5341491699219
16255488,-60.9031257629395
16292960,-61.276611328125
16330519,-61.6547660827637
16368165,-62.037769317627
16405898,-62.4258003234863
16443717,-62.8190536499023
16481624,-63.2177238464355
16519618,-63.6220321655273
16557700,-64.0321960449219
16595869,-64.4484634399414
16634127,-64.8710708618164
16672472,-65.3003005981445
16710906,-65.7364273071289
16749429,-66.1797561645508
16788040,-66.6305999755859
16826740,-67.0893020629883
16865530,-67.5562210083008
16904410,-68.0317535400391
16943378,-68.5163116455078
16982436,-69.0103378295898
17021586,-69.5142974853516
17060824,-70.0287246704102
17100154,-70.5541534423828
17139574,-71.091178894043
17179084,-71.6404571533203
17218686,-72.2026748657227
17258378,-72.7785873413086
17298164,-73.369026184082
17338040,-73.9748840332031
17378008,-74.5971450805664
17418068,-75.2368927001953
17458222,-75.8953094482422
17498466,-76.5736999511719
17538806,-77.2735290527344
17579236,-77.9963912963867
17619760,-78.7441024780273
17660378,-79.518669128418
17701090,-80.3223724365234
17741894,-81.1577758789063
17782794,-82.0277938842773
17823788,-82.9357833862305
17864876,-83.8855743408203
17906058,-84.8816375732422
17947336,-85.9291839599609
17988710,-87.0343399047852
18030178,-88.2044143676758
18071742,-89.4481811523438
18113400,-90.7763214111328
18155156,-92.2020111083984
18197008,-93.7417678833008
18238958,-95.4166870117188
18281002,-97.2543106079102
18323144,-99.2915496826172
18365384,-101.579467773438
18407720,-104.19164276123
18450154,-107.239654541016
18492686,-110.90486907959
18535316,-115.512298583984
18578044,-121.739028930664
18620872,-131.429946899414
18663796,-154.885192871094
18706822,-144.341491699219
18749946,-128.200149536133
18793168,-120.033332824707
18836490,-114.538932800293
18879914,-110.401260375977
18923436,-107.086685180664
18967060,-104.325218200684
19010782,-101.961166381836
19054608,-99.8965072631836
19098532,-98.0655517578125
19142560,-96.4220809936523
19186688,-94.9323577880859
19230918,-93.5709991455078
19275250,-92.3184432983398
19319684,-91.1592483520508
19364220,-90.0810699462891
19408858,-89.0738525390625
19453600,-88.129280090332
19498446,-87.2404479980469
19543394,-86.4015045166016
19588446,-85.6074829101563
19633602,-84.8541259765625
19678862,-84.1377487182617
19724228,-83.4551391601563
19769696,-82.8034973144531
19815270,-82.1803359985352
19860950,-81.5834884643555
19906734,-81.010986328125
19952624,-80.4611053466797
19998618,-79.9322738647461
20044720,-79.4231033325195
20090928,-78.9323043823242
20137242,-78.4587478637695
20183664,-78.0013656616211
20230192,-77.5592193603516
20276828,-77.1314315795898
20323570,-76.7172012329102
20370420,-76.3157958984375
20417380,-75.9265365600586
20464446,-75.5487899780273
20511622,-75.1819839477539
20558906,-74.8255844116211
20606300,-74.4790878295898
20653802,-74.1420364379883
20701414,-73.8139953613281
20749136,-73.4945526123047
20796966,-73.1833419799805
20844908,-72.880012512207
20892962,-72.5842208862305
20941124,-72.2956695556641
20989398,-72.0140609741211
21037784,-71.7391204833984
21086282,-71.4705810546875
21134890,-71.2082138061523
21183612,-70.951774597168
21232444,-70.7010498046875
21281390,-70.4558334350586
21330450,-70.215934753418
21379620,-69.9811553955078
21428906,-69.751335144043
21478304,-69.5262908935547
21527818,-69.3058700561523
21577444,-69.0899276733398
21627186,-68.8783187866211
21677042,-68.6708908081055
21727012,-68.467529296875
21777098,-68.2681045532227
21827300,-68.0724945068359
21877616,-67.8805847167969
21928050,-67.692268371582
21978598,-67.507438659668
22029264,-67.3259963989258
22080048,-67.1478500366211
22130948,-66.9729080200195
22181964,-66.8010711669922
22233098,-66.6322631835938
22284352,-66.4664001464844
22335722,-66.3034057617188
22387212,-66.1432037353516
22438820,-65.985725402832
22490546,-65.8308944702148
22542392,-65.6786422729492
22594358,-65.528923034668
22646444,-65.3816528320313
22698648,-65.2367782592773
22750974,-65.0942459106445
22803420,-64.9540023803711
22855988,-64.8159790039063
22908676,-64.6801376342773
22961486,-64.5464324951172
23014418,-64.414794921875
23067472,-64.2851943969727
23120648,-64.157585144043
23173946,-64.0319137573242
23227368,-63.9081420898438
23280912,-63.7862319946289
23334580,-63.6661415100098
23388372,-63.5478286743164
23442288,-63.4312629699707
23496328,-63.31640625
23550492,-63.2032165527344
23604782,-63.091667175293
23659196,-62.9817237854004
23713738,-62.8733520507813
23768402,-62.7665214538574
23823194,-62.6612014770508
23878112,-62.5573616027832
23933158,-62.4549751281738
23988330,-62.3540153503418
24043628,-62.2544555664063
24099054,-62.1562652587891
24154608,-62.0594215393066
24210290,-61.9638977050781
24266100,-61.8696746826172
24322040,-61.7767219543457
24378108,-61.6850204467773
24434306,-61.5945472717285
24490632,-61.5052795410156
24547090,-61.4171981811523
24603676,-61.3302841186523
24660394,-61.2445106506348
24717242,-61.1598625183105
24774220,-61.0763206481934
24831332,-60.9938659667969
24888574,-60.9124794006348
24945948,-60.832145690918
25003454,-60.7528419494629
25061092,-60.6745567321777
25118864,-60.5972709655762
25176770,-60.5209693908691
25234808,-60.4456367492676
25292980,-60.3712539672852
25351286,-60.2978134155273
25409728,-60.2252922058105
25468302,-60.1536827087402
25527014,-60.0829658508301
25585858,-60.0131301879883
25644840,-59.9441604614258
25703958,-59.8760452270508
25763212,-59.8087730407715
25822602,-59.7423286437988
25882130,-59.676700592041
25941794,-59.6118774414063
26001596,-59.5478477478027
26061536,-59.4845962524414
26121614,-59.422119140625
26181830,-59.3603973388672
26242186,-59.2994232177734
26302680,-59.2391891479492
26363314,-59.1796798706055
26424088,-59.1208915710449
26485002,-59.0628051757813
26546056,-59.0054168701172
26607250,-58.9487190246582
26668586,-58.8926963806152
26730064,-58.837345123291
26791684,-58.7826538085938
26853444,-58.7286109924316
26915348,-58.6752128601074
26977394,-58.6224479675293
27039584,-58.5703086853027
27101916,-58.5187873840332
27164392,-58.4678726196289
27227014,-58.4175643920898
27289778,-58.3678436279297
27352688,-58.3187141418457
27415742,-58.2701606750488
27478942,-58.2221832275391
27542288,-58.1747665405273
27605778,-58.1279067993164
27669416,-58.0815963745117
27733202,-58.035831451416
27797132,-57.9906044006348
27861212,-57.9459037780762
27925438,-57.9017295837402
27989814,-57.8580741882324
28054336,-57.8149261474609
28119008,-57.7722854614258
28183830,-57.7301445007324
28248800,-57.6884956359863
28313920,-57.6473350524902
28379190,-57.6066589355469
28444612,-57.5664520263672
28510182,-57.5267219543457
28575906,-57.4874534606934
28641780,-57.4486465454102
28707806,-57.4102935791016
28773984,-57.3723907470703
28840316,-57.3349304199219
28906798,-57.2979125976563
28973436,-57.2613258361816
29040226,-57.225170135498
29107172,-57.1894378662109
29174270,-57.1541290283203
29241524,-57.1192321777344
29308932,-57.0847473144531
29376496,-57.0506706237793
29444216,-57.0169944763184
29512092,-56.9837188720703
29580124,-56.9508323669434
29648314,-56.9183387756348
29716660,-56.8862266540527
29785164,-56.8544998168945
29853826,-56.8231468200684
29922646,-56.7921714782715
29991626,-56.7615623474121
30060764,-56.731315612793
30130060,-56.7014350891113
30199518,-56.6719131469727
30269134,-56.6427421569824
30338912,-56.6139221191406
30408850,-56.58544921875
30478950,-56.5573234558105
30549212,-56.5295333862305
30619634,-56.502082824707
30690220,-56.4749641418457
30760968,-56.4481773376465
30831880,-56.4217185974121
30902954,-56.395580291748
30974192,-56.3697624206543
31045596,-56.3442649841309
31117164,-56.3190765380859
31188896,-56.2942047119141
31260794,-56.2696380615234
31332858,-56.2453765869141
31405086,-56.2214164733887
31477484,-56.1977577209473
31550046,-56.1743965148926
31622776,-56.1513290405273
31695674,-56.1285514831543
31768740,-56.1060600280762
31841976,-56.0838584899902
31915378,-56.0619354248047
31988952,-56.0402946472168
32062694,-56.0189323425293
32136606,-55.9978446960449
32210688,-55.9770278930664
32284942,-55.956485748291
32359366,-55.936206817627
32433962,-55.9161949157715
32508730,-55.8964462280273
32583670,-55.8769569396973
32658784,-55.8577270507813
32734070,-55.838752746582
32809530,-55.8200340270996
32885164,-55.8015632629395
32960972,-55.7833442687988
33036954,-55.7653694152832
33113112,-55.7476425170898
33189446,-55.7301559448242
33265956,-55.7129096984863
33342642,-55.6959037780762
33419504,-55.6791343688965
33496544,-55.66259765625
33573760,-55.6462936401367
33651156,-55.6302223205566
33728732,-55.6143760681152
33806484,-55.5987586975098
33884416,-55.5833625793457
33962528,-55.5681915283203
34040820,-55.5532417297363
34119292,-55.5385131835938
34197944,-55.523998260498
34276780,-55.5097007751465
34355796,-55.4956130981445
34434992,-55.4817390441895
34514372,-55.4680786132813
34593936,-55.4546241760254
34673684,-55.4413757324219
34753616,-55.4283294677734
34833732,-55.4154891967773
34914032,-55.4028511047363
34994516,-55.3904113769531
35075188,-55.378173828125
35156044,-55.3661308288574
35237088,-55.3542823791504
35318316,-55.3426284790039
35399736,-55.3311653137207
35481340,-55.3198928833008
35563132,-55.3088111877441
35645112,-55.2979164123535
35727284,-55.2872047424316
35809644,-55.276683807373
35892192,-55.2663421630859
35974932,-55.2561836242676
36057864,-55.2462043762207
36140988,-55.2364044189453
36224300,-55.2267799377441
36307804,-55.2173347473145
36391504,-55.208065032959
36475396,-55.1989669799805
36559480,-55.1900444030762
36643756,-55.1812896728516
36728232,-55.1727027893066
36812896,-55.1642875671387
36897760,-55.1560401916504
36982816,-55.1479568481445
37068072,-55.1400375366211
37153524,-55.1322822570801
37239172,-55.1246871948242
37325016,-55.1172561645508
37411060,-55.1099853515625
37497300,-55.1028709411621
37583740,-55.0959167480469
37670380,-55.0891151428223
37757220,-55.0824699401855
37844260,-55.0759773254395
37931500,-55.0696411132813
38018940,-55.0634536743164
38106584,-55.0574188232422
38194428,-55.0515327453613
38282476,-55.0457954406738
38370724,-55.0402069091797
38459180,-55.0347633361816
38547836,-55.0294647216797
38636696,-55.0243072509766
38725764,-55.0192985534668
38815036,-55.0144309997559
38904516,-55.0097007751465
38994200,-55.0051155090332
39084088,-55.0006675720215
39174188,-54.9963569641113
39264492,-54.9921836853027
39355008,-54.9881477355957
39445732,-54.984245300293
39536664,-54.9804801940918
39627804,-54.9768486022949
39719156,-54.9733467102051
39810716,-54.9699783325195
39902492,-54.966739654541
39994476,-54.9636306762695
40086672,-54.9606513977051
40179080,-54.9578018188477
40271704,-54.955078125
40364540,-54.9524803161621
40457588,-54.950008392334
40550852,-54.9476623535156
40644332,-54.9454345703125
40738028,-54.9433364868164
40831940,-54.9413566589355
40926064,-54.9394989013672
41020412,-54.9377632141113
41114972,-54.9361457824707
41209752,-54.9346466064453
41304752,-54.9332656860352
41399968,-54.9320030212402
41495404,-54.9308586120605
41591060,-54.9298286437988
41686940,-54.9289131164551
41783036,-54.928108215332
41879356,-54.9274215698242
41975900,-54.9268455505371
42072664,-54.926383972168
42169652,-54.9260330200195
42266860,-54.9257888793945
42364296,-54.9256591796875
42461956,-54.9256362915039
42559840,-54.9257202148438
42657952,-54.9259147644043
42756288,-54.9262161254883
42854852,-54.9266204833984
42953644,-54.9271354675293
43052660,-54.9277534484863
43151908,-54.9284744262695
43251384,-54.9292984008789
43351088,-54.9302253723145
43451024,-54.9312553405762
43551188,-54.9323883056641
43651584,-54.9336204528809
43752212,-54.9349555969238
43853068,-54.9363899230957
43954160,-54.9379196166992
44055488,-54.9395523071289
44157044,-54.9412803649902
44258836,-54.9431076049805
44360864,-54.9450302124023
44463128,-54.9470481872559
44565624,-54.949161529541
44668360,-54.9513702392578
44771332,-54.953670501709
44874540,-54.9560699462891
44977984,-54.9585571289063
45081672,-54.9611396789551
45185596,-54.9638137817383
45289756,-54.9665794372559
45394160,-54.9694366455078
45498808,-54.9723815917969
45603692,-54.9754180908203
45708820,-54.9785423278809
45814188,-54.9817581176758
45919800,-54.9850578308105
46025656,-54.9884490966797
46131756,-54.9919242858887
46238104,-54.9954872131348
46344692,-54.999137878418
46451528,-55.002872467041
46558608,-55.0066909790039
46665940,-55.0105934143066
46773516,-55.0145797729492
46881340,-55.0186500549316
46989412,-55.0228042602539
47097732,-55.027042388916
47206304,-55.0313606262207
47315124,-55.035758972168
47424200,-55.0402374267578
47533524,-55.0447998046875
47643100,-55.0494384765625
47752928,-55.0541572570801
47863008,-55.0589561462402
47973344,-55.063835144043
48083936,-55.068790435791
48194780,-55.0738258361816
48305880,-55.0789337158203
48417236,-55.0841217041016
48528852,-55.0893859863281
48640720,-55.0947227478027
48752848,-55.1001396179199
48865236,-55.1056289672852
48977880,-55.1111907958984
49090788,-55.116828918457
49203952,-55.1225433349609
49317380,-55.1283264160156
49431068,-55.1341857910156
49545020,-55.1401138305664
49659232,-55.1461143493652
49773708,-55.1521873474121
49888448,-55.158332824707
50003452,-55.1645469665527
50118724,-55.1708335876465
50234260,-55.177188873291
50350060,-55.1836128234863
50466128,-55.1901092529297
50582468,-55.1966705322266
50699072,-55.2033004760742
50815944,-55.2099990844727
50933088,-55.2167663574219
51050500,-55.2235984802246
51168184,-55.2304992675781
51286140,-55.2374649047852
51404364,-55.244499206543
51522864,-55.251594543457
51641636,-55.2587585449219
51760684,-55.2659873962402
51880004,-55.2732810974121
51999600,-55.2806358337402
52119472,-55.2880592346191
52239620,-55.2955436706543
52360044,-55.3030891418457
52480748,-55.3106994628906
52601728,-55.3183708190918
52722988,-55.3261070251465
52844524,-55.3339004516602
52966344,-55.3417587280273
53088444,-55.3496780395508
53210824,-55.3576545715332
53333488,-55.3656959533691
53456436,-55.3737945556641
53579664,-55.381950378418
53703180,-55.3901710510254
53826980,-55.3984489440918
53951064,-55.4067840576172
54075432,-55.4151763916016
54200088,-55.4236297607422
54325032,-55.4321403503418
54450264,-55.4407043457031
54575788,-55.4493293762207
54701596,-55.4580116271973
54827696,-55.4667472839355
54954088,-55.4755401611328
55080768,-55.4843902587891
55207744,-55.4932975769043
55335012,-55.502254486084
55462572,-55.5112686157227
55590424,-55.5203399658203
55718576,-55.5294647216797
55847020,-55.5386428833008
55975760,-55.5478744506836
56104796,-55.5571556091309
56234132,-55.5664939880371
56363764,-55.5758857727051
56493696,-55.5853309631348
56623928,-55.5948257446289
56754460,-55.6043739318848
56885292,-55.6139717102051
57016428,-55.6236228942871
57147864,-55.6333236694336
57279604,-55.6430778503418
57411648,-55.6528816223145
57543992,-55.6627349853516
57676648,-55.6726379394531
57809604,-55.6825942993164
57942868,-55.6925964355469
58076440,-55.7026481628418
58210320,-55.7127494812012
58344512,-55.722900390625
58479008,-55.733097076416
58613816,-55.7433433532715
58748936,-55.7536392211914
58884364,-55.7639846801758
59020108,-55.7743721008301
59156164,-55.7848091125488
59292532,-55.795295715332
59429216,-55.8058242797852
59566216,-55.8164024353027
59703528,-55.8270263671875
59841160,-55.8376960754395
59979108,-55.8484077453613
60117372,-55.8591690063477
60255960,-55.8699760437012
60394864,-55.8808288574219
60534088,-55.8917236328125
60673632,-55.9026641845703
60813500,-55.913646697998
60953688,-55.924674987793
61094204,-55.9357490539551
61235040,-55.9468650817871
61376200,-55.9580230712891
61517688,-55.9692268371582
61659500,-55.9804725646973
61801640,-55.9917602539063
61944108,-56.0030899047852
62086904,-56.014461517334
62230028,-56.0258750915527
62373484,-56.0373344421387
62517268,-56.0488319396973
62661388,-56.0603713989258
62805836,-56.0719528198242
62950620,-56.0835723876953
63095736,-56.0952339172363
63241184,-56.1069374084473
63386972,-56.1186828613281
63533092,-56.1304664611816
63679552,-56.1422882080078
63826348,-56.1541519165039
63973484,-56.1660537719727
64120956,-56.1779937744141
64268772,-56.1899757385254
64416928,-56.2019958496094
64565424,-56.214054107666
64714260,-56.2261505126953
64863444,-56.2382850646973
65012968,-56.2504577636719
65162840,-56.2626686096191
65313056,-56.2749176025391
65463616,-56.2872009277344
65614528,-56.2995262145996
65765784,-56.3118858337402
65917388,-56.3242835998535
66069344,-56.3367156982422
66221652,-56.3491859436035
66374308,-56.3616943359375
66527316,-56.3742370605469
66680676,-56.3868179321289
66834392,-56.3994293212891
66988460,-56.4120826721191
67142888,-56.4247665405273
67297664,-56.4374885559082
67452800,-56.4502449035645
67608296,-56.4630355834961
67764152,-56.4758605957031
67920360,-56.4887237548828
68076936,-56.5016174316406
68233872,-56.5145454406738
68391168,-56.5275077819824
68548824,-56.5405044555664
68706848,-56.5535354614258
68865232,-56.5666007995605
69023984,-56.5796966552734
69183096,-56.5928268432617
69342584,-56.6059913635254
69502432,-56.6191864013672
69662648,-56.6324157714844
69823240,-56.6456756591797
69984200,-56.6589698791504
70145528,-56.6722984313965
70307232,-56.6856536865234
70469304,-56.6990432739258
70631752,-56.7124633789063
70794576,-56.7259178161621
70957776,-56.7394027709961
71121352,-56.7529182434082
71285304,-56.7664642333984
71449632,-56.7800407409668
71614344,-56.7936515808105
71779432,-56.8072891235352
71944896,-56.8209571838379
72110744,-56.8346557617188
72276984,-56.8483848571777
72443600,-56.8621482849121
72610592,-56.8759346008301
72777984,-56.8897552490234
72945752,-56.9036026000977
73113912,-56.91748046875
73282456,-56.9313888549805
73451384,-56.9453239440918
73620712,-56.9592895507813
73790424,-56.9732856750488
73960528,-56.9873046875
74131024,-57.0013580322266
74301912,-57.015438079834
74473200,-57.0295448303223
74644872,-57.0436820983887
74816952,-57.0578460693359
74989424,-57.0720367431641
75162288,-57.086254119873
75335560,-57.1005020141602
75509224,-57.1147766113281
75683288,-57.129077911377
75857760,-57.1434059143066
76032624,-57.1577606201172
76207904,-57.1721458435059
76383576,-57.1865539550781
76559664,-57.2009887695313
76736152,-57.2154502868652
76913048,-57.2299385070801
77090344,-57.2444534301758
77268056,-57.2589950561523
77446176,-57.2735633850098
77624712,-57.2881546020508
77803656,-57.3027725219727
77983008,-57.3174171447754
78162784,-57.3320846557617
78342968,-57.3467788696289
78523560,-57.361499786377
78704576,-57.3762435913086
78886008,-57.3910140991211
79067864,-57.4058074951172
79250136,-57.4206275939941
79432824,-57.4354705810547
79615936,-57.4503402709961
79799472,-57.4652328491211
79983424,-57.4801483154297
80167808,-57.4950904846191
80352616,-57.5100555419922
80537848,-57.5250434875488
80723504,-57.5400543212891
80909592,-57.5550918579102
81096104,-57.5701522827148
81283048,-57.5852355957031
81470432,-57.600341796875
81658240,-57.6154708862305
81846480,-57.6306228637695
82035152,-57.6457977294922
82224264,-57.6609954833984
82413808,-57.6762161254883
82603792,-57.6914596557617
82794216,-57.7067260742188
82985080,-57.7220153808594
83176376,-57.7373237609863
83368120,-57.7526550292969
83560304,-57.7680130004883
83752928,-57.783390045166
83946000,-57.7987861633301
84139512,-57.814208984375
84333472,-57.829647064209
84527888,-57.8451118469238
84722744,-57.860595703125
84918048,-57.8761024475098
85113800,-57.8916320800781
85310008,-57.9071769714355
85506672,-57.9227485656738
85703784,-57.9383392333984
85901352,-57.9539489746094
86099376,-57.9695816040039
86297856,-57.9852333068848
86496792,-58.0009078979492
86696184,-58.0166015625
86896040,-58.0323143005371
87096360,-58.0480461120605
87297136,-58.0638008117676
87498376,-58.0795745849609
87700080,-58.0953674316406
87902248,-58.1111831665039
88104888,-58.1270179748535
88307992,-58.1428680419922
88511560,-58.1587409973145
88715600,-58.174633026123
88920112,-58.190544128418
89125096,-58.2064743041992
89330552,-58.2224235534668
89536480,-58.2383918762207
89742880,-58.2543830871582
89949760,-58.2703895568848
90157112,-58.2864112854004
90364944,-58.3024559020996
90573264,-58.3185195922852
90782056,-58.334602355957
90991328,-58.350700378418
91201080,-58.3668174743652
91411328,-58.3829536437988
91622048,-58.3991088867188
91833256,-58.4152793884277
92044960,-58.4314727783203
92257144,-58.4476776123047
92469816,-58.4639053344727
92682984,-58.4801483154297
92896640,-58.496410369873
93110784,-58.5126876831055
93325432,-58.5289840698242
93540568,-58.5452995300293
93756200,-58.5616302490234
93972328,-58.5779800415039
94188960,-58.5943450927734
94406088,-58.610725402832
94623720,-58.627124786377
94841848,-58.6435432434082
95060480,-58.6599769592285
95279616,-58.6764259338379
95499256,-58.6928901672363
95719408,-58.7093734741211
95940064,-58.7258758544922
96161224,-58.7423896789551
96382904,-58.7589225769043
96605088,-58.7754707336426
96827784,-58.7920341491699
97051000,-58.8086166381836
97274720,-58.8252143859863
97498960,-58.8418273925781
97723720,-58.858455657959
97949000,-58.8750991821289
98174792,-58.8917579650879
98401112,-58.9084358215332
98627952,-58.9251251220703
98855312,-58.9418334960938
99083192,-58.9585571289063
99311608,-58.9752922058105
99540544,-58.9920463562012
99770008,-59.0088157653809
100000000,-59.0255966186523
